time,e1,e2,e3,z1,z2,z3,x,y,h
3.7879999999999967,1.1816601571479861,0.7448299999999994,-0.2551700000000001,4.181660157147986,3.7448299999999994,3.74483,2.079376220703125
3.817999999999998,1.1875950549073107,0.7472299999999996,-0.25276999999999994,4.187595054907311,3.7472299999999996,3.74723,2.079010009765625
3.838000000000001,1.2143024771813602,0.75075,-0.24924999999999997,4.21430247718136,3.75075,3.75075,2.078643798828125
3.887999999999998,1.2368949235933675,0.7544699999999995,-0.24553000000000003,4.2368949235933675,3.7544699999999995,3.75447,2.078582763671875
3.9179999999999993,1.2235415794748805,0.7541500000000001,-0.2458499999999999,4.2235415794748805,3.75415,3.75415,2.078948974609375
3.9780000000000015,1.2501679430080008,0.7509200000000003,-0.24907999999999975,4.250167943008001,3.7509200000000003,3.7509200000000003,2.081390380859375
